fileformat,1,,,,,,,,,
resource_type,delly,,,,,,,,,
resource_ver,1,,,,,,,,,
resource_id,delly_00,,,,,,,,,
순번,아이디,델리,가격(원),가격(달라),보너스갯수,안드로이드,안드로이드 선물하기,아이폰,비중,보너스가격(유저의이득)
no,id,delly,price_won,price_dollar,bonus,andorid_id,android_present_id,ios_id,,
0,0,10,1100, 0.99,0,delly_0,delly_10,delly_0,0.009090909091,0
1,1,32,3300,2.99,2,delly_1,delly_11,delly_1,0.009696969697,200
2,2,55,5500,4.99,5,delly_2,delly_12,delly_2,0.01,500
3,3,115,11000,9.99,15,delly_3,delly_13,delly_3,0.01045454545,1500
4,4,350,33000,29.99,50,delly_4,delly_14,delly_4,0.01060606061,5000
5,5,600,55000,49.99,100,delly_5,delly_15,delly_5,0.01090909091,10000
6,6,160,11000,9.99,60,delly_6,delly_16,delly_6,,
7,7,150,9900,8.99,50,delly_7,delly_17,delly_7,,