fileformat   , 1        ,          ,          ,           ,           ,           ,                    ,             ,                   ,           ,                   ,                ,               ,                   ,                       ,         ,                               ,                                               ,                      ,              ,              ,              ,                   ,             ,                    ,               ,                                ,                 ,                                 ,                             ,              ,             ,              ,               , 
resource_type, shop     ,          ,          ,           ,           ,           ,                    ,             ,                   ,           ,                   ,                ,               ,                   ,                       ,         ,                               ,                                               ,                      ,              ,              ,              ,                   ,             ,                    ,               ,                                ,                 ,                                 ,                             ,              ,             ,              ,               , 
resource_ver , 1        ,          ,          ,           ,           ,           ,                    ,             ,                   ,           ,                   ,                ,               ,                   ,                       ,         ,                               ,                                               ,                      ,              ,              ,              ,                   ,             ,                    ,               ,                                ,                 ,                                 ,                             ,              ,             ,              ,               , 
resource_id  , shop_0000,          ,          ,           ,           ,           ,                    ,             ,                   ,           ,                   ,                ,               ,                   ,                       ,         ,                               ,                                               ,                      , 크레이지모드 ,              ,              ,                   ,             ,                    ,               ,                                ,                 ,                                 ,                             ,              ,             ,              ,               , 
순번         , 아이디   , 태그     , 이름     , 이름      , 가격(골드), 가격(델리), 가격(클리어후 델리), 스테이지갯수, 보너스스테이지갯수, 바닥타입  , 레벨데이터        , 블락리소스     , 사이드음식이름, 사이드음식판매가격, 사이드업글비용        , 배경음악, 락 아이콘                     , 출현동물                                      , 크레이지 디폴트 동물 , 레시피갯수1  , 레시피갯수2  , 레시피갯수3  , 이중주문 확률(100), 블럭가중치  , 레시피 일괄구매가격, 일괄구매할인율, 일괄구매아이콘                 , 레시피리소스    , 가게 아이콘(샵선택시 표시되는것), 가게아이콘(안열렸을경우)    , 라스트팡_캔디, 라스트팡_MSG, 라스트팡_HALO, 라스트팡_CROSS, 라스트팡_FIRE
no           , id       , tag      , name     , name_kor  , gold      , delly     , delly_after        , count_level , count_level_bonus , board_type, data_level        , resource_block , side_name     , side_price        , side_upgrade          , bgm_id  , lock_icon                     , animals                                       , animals_default_crazy, association_1, association_2, association_3, double_probability, block_weight, recipeset_delly    , recipeset_sale, recipeset_icon                 , resource_recipe , shop_icon                       , shop_lock_icon              , last_candy   , last_msg    , last_halo    , last_cross    , last_fire
0            , 0        , boonsik  , Snack    , 분식점    , 0         , 0         , 0                  , 30          , 0                 , normal    , shop_boonsik.txt  , block_boonsik  , 오뎅국물      , "50,100,150,250," , "0,8000,18000,26000," , 1       , NULL                          , "duck,rabbit,poodle,cat,"                     , "duck,cat,"          , 50           , 30           , 20           , 30                , 2           , 25                 , 62            , menu_ui_recipeset_snack.png    , recipe_boonsik  , image_shop_snack.png            , NULL                        , 30           , 50          , 40           , 20            , 80
1            , 1        , hamburger, Hamburger, 햄버거가게, 60000     , 50        , 25                 , 30          , 0                 , normal    , shop_hamburger.txt, block_hamburger, 탄산음료      , "150,200,250,300,", "0,18000,28000,40000,", 1       , menushop_ui_lock_hamburger.png, "rabbit,cat,parrot,squirrel,"                 , "rabbit,cat,"        , 50           , 30           , 20           , 30                , 1.8         , 30                 , 78            , menu_ui_recipeset_hamburger.png, recipe_hamburger, image_shop_hamburger.png        , image_shop_hamburger_dim.png, 140          , 180         , 150          , 80            , 200
2            , 2        , coffee   , Coffee   , 커피숍    , 200000    , 60        , 30                 , 30          , 10                , normal    , shop_coffee.txt   , block_coffee   , 아이스크림    , "300,350,400,500,", "0,30000,45000,60000,", 2       , menushop_ui_lock_coffee.png   , "rabbit,cat,parrot,squirrel,horse,hippo,"     , "parrot,cat,"        , 50           , 30           , 20           , 30                , 1.7         , 35                 , 77            , menu_ui_recipeset_coffee.png   , recipe_coffee   , image_shop_coffee.png           , image_shop_coffee_dim.png   , 180          , 250         , 200          , 120           , 400
3            , 3        , china    , China    , 중국집    , 300000    , 60        , 30                 , 30          , 10                , normal    , shop_china.txt    , block_china    , 중화만두      , "100,150,200,300,", "0,20000,35000,55000,", 0       , menushop_ui_lock_china.png    , "squirrel,horse,hippo,panda,mole,"            , "squirrel,horse,"    , 60           , 40           , 0            , 10                , 1.4         , 30                 , 72            , menu_ui_recipeset_china.png    , recipe_china    , image_shop_china.png            , image_shop_china_dim.png    , 160          , 220         , 180          , 100           , 300
4            , 4        , pizza    , Pizza    , 피자집    , 350000    , 65        , 30                 , 30          , 0                 , hard      , shop_pizza.txt    , block_pizza    , 미니샐러드    , "150,220,300,400,", "0,25000,40000,58000,", 2       , menushop_ui_lock_pizza.png    , "horse,parrot,panda,hippo,deer,lion,"         , "panda,hippo,"       , 70           , 30           , 0            , 10                , 2.2         , 35                 , 75            , menu_ui_recipeset_pizza.png    , recipe_pizza    , image_shop_pizza.png            , image_shop_pizza_dim.png    , 160          , 220         , 160          , 100           , 280
5            , 5        , korean   , Korean   , 한식당    , 400000    , 70        , 35                 , 30          , 0                 , normal    , shop_korean.txt   , block_korean   , 된장찌개      , "80,120,230,350," , "0,22000,38000,56000,", 4       , menushop_ui_lock_korean.png   , "parrot,deer,mole,parrot,deer,mole,tiger,fox,", "deer,tiger,"        , 50           , 40           , 10           , 20                , 2           , 35                 , 74            , menu_ui_recipeset_korea.png    , recipe_korean   , image_shop_korean.png           , image_shop_korean_dim.png   , 140          , 180         , 120          , 80            , 100